{
  "image": "frame_00004.png",
  "resolution": [
    1280,
    720
  ],
  "seed": 1004,
  "projection_corners": [
    [
      205.527,
      83.663
    ],
    [
      1124.227,
      171.086
    ],
    [
      1035.97,
      611.848
    ],
    [
      277.935,
      501.254
    ]
  ],
  "projection_width": 2.275038413562446,
  "projection_height": 1.3810759739148426,
  "room_dimensions": [
    5.05281226535025,
    6.928322003455919,
    3.113280024675235
  ],
  "wall_texture": "OIP.webp",
  "projection_image": "Gemini_Generated_Image_g58ewfg58ewfg58e.png",
  "projection_strength": 12.045,
  "camera_location": [
    -0.3592,
    -1.7966,
    2.7083
  ],
  "camera_rotation": [
    0.0,
    0.0,
    0.0
  ],
  "projector_location": [
    -0.3786,
    -2.1987,
    2.8093
  ],
  "projector_energy": 4161.84,
  "ambient": {
    "environment_strength": 0.654,
    "environment_color": [
      0.4515,
      0.3589,
      0.3605
    ],
    "ceiling_light_energy": 440.42
  },
  "obstacle_count": 0,
  "obstacles": []
}