{
  "image": "frame_00003.png",
  "resolution": [
    1280,
    720
  ],
  "seed": 1003,
  "projection_corners": [
    [
      430.275,
      219.539
    ],
    [
      819.789,
      243.241
    ],
    [
      820.608,
      480.96
    ],
    [
      429.161,
      496.923
    ]
  ],
  "projection_width": 3.0145151622112025,
  "projection_height": 1.8071010117293658,
  "room_dimensions": [
    5.243353552349508,
    5.07997137058077,
    3.2220617567237175
  ],
  "wall_texture": "OIP (2).webp",
  "projection_image": "Gemini_Generated_Image_g58ewfg58ewfg58e.png",
  "projection_strength": 13.148,
  "camera_location": [
    1.7049,
    1.1899,
    1.5208
  ],
  "camera_rotation": [
    0.0,
    0.0,
    0.0
  ],
  "projector_location": [
    -0.1443,
    -0.4246,
    2.6083
  ],
  "projector_energy": 4048.21,
  "ambient": {
    "environment_strength": 0.396,
    "environment_color": [
      0.4714,
      0.5704,
      0.6496
    ],
    "ceiling_light_energy": 381.11
  },
  "obstacle_count": 0,
  "obstacles": []
}